Designator,Footprint,Quantity,Value,LCSC Part #
R5,R_0402_1005Metric,1,100k,
U2,SOIC-14_3.9x8.7mm_P1.27mm,1,TL074CDT,
R17,R_0402_1005Metric,1,100k,
C2,C_0402_1005Metric,1,10p,
R22,R_1206_3216Metric,1,1k,
C9,CP_EIA-3216-18_Kemet-A,1,10u/16,
C12,CP_EIA-3216-18_Kemet-A,1,10u/16,
R11,R_0402_1005Metric,1,100k,
R20,R_0402_1005Metric,1,100k,
R6,R_0402_1005Metric,1,100k,
J4,Jack_3.5mm_QingPu_WQP-PJ324M,1,Out 2-1,
R21,R_1206_3216Metric,1,1k,
C7,C_0402_1005Metric,1,10p,
C11,C_0402_1005Metric,1,100n,
J1,Jack_3.5mm_QingPu_WQP-PJ324M,1,In 1,
R1,R_0402_1005Metric,1,100k,
C6,C_0402_1005Metric,1,10p,
D1,D_SOD-323,1,1N5819WS,
C13,C_0402_1005Metric,1,100n,
J5,Jack_3.5mm_QingPu_WQP-PJ324M,1,Out 1-2,
D2,D_SOD-323,1,1N5819WS,
J7,Jack_3.5mm_QingPu_WQP-PJ324M,1,Out 1-3,
R2,R_0402_1005Metric,1,100k,
R14,R_0402_1005Metric,1,100k,
R15,R_1206_3216Metric,1,1k,
J8,Jack_3.5mm_QingPu_WQP-PJ324M,1,Out 2-3,
C5,C_0402_1005Metric,1,10p,
R12,R_0402_1005Metric,1,100k,
R18,R_0402_1005Metric,1,100k,
R13,R_0402_1005Metric,1,100k,
C1,C_0402_1005Metric,1,10p,
J2,Jack_3.5mm_QingPu_WQP-PJ324M,1,In 2,
R4,R_0402_1005Metric,1,100k,
R3,R_0402_1005Metric,1,100k,
C10,C_0402_1005Metric,1,100n,
J3,Jack_3.5mm_QingPu_WQP-PJ324M,1,Out 1-1,
C14,C_0402_1005Metric,1,100n,
J6,Jack_3.5mm_QingPu_WQP-PJ324M,1,Out 2-2,
R8,R_0402_1005Metric,1,100k,
R10,R_1206_3216Metric,1,1k,
U1,SOIC-14_3.9x8.7mm_P1.27mm,1,TL074CDT,
R9,R_1206_3216Metric,1,1k,
C8,C_0402_1005Metric,1,10p,
R19,R_0402_1005Metric,1,100k,
J9,Power_2x8_Horizontal,1,Power,
C4,C_0402_1005Metric,1,10p,
C3,C_0402_1005Metric,1,10p,
R16,R_1206_3216Metric,1,1k,
R7,R_0402_1005Metric,1,100k,
